Rhea,Mora,34 612 021 350,nulla@hotmail.com,cuidador
Hayfa,Andres,34 614 756 554,aliquet@gmail.es,cuidador
Sharon,Alvarez,34 648 123 267,tincidunt.orci@gmail.com,cuidador
Shelly,Hidalgo,34 672 757 897,turpis.nec@hotmail.es,cuidador
Sebastian,Sanz,34 622 464 306,in.felis@hotmail.es,cuidador
Roth,Nuï¾‘ez,34 636 237 846,sollicitudin@gmail.com,veterinario
Ruth,Diaz,34 670 046 252,sed.congue@gmail.com,veterinario
Echo,Lorenzo,34 687 918 481,elit.elit@gmail.com,veterinario
Devin,Fernandez,34 635 716 456,in@hotmail.es,veterinario
Alea,Montero,34 674 560 557,nunc.lectus.pede@gmail.com,veterinario
Preston,Jimenez,34 665 687 682,molestie.tellus.aenean@hotmail.es,limpiador
Tobias,Pastor,34 625 090 812,at.nisi@gmail.com,limpiador
Hadassah,Carrasco,34 686 777 278,cras@gmail.es,limpiador
Zeph,Flores,34 630 763 243,eu@gmail.com,limpiador
Lysandra,Marquez,34 666 834 126,scelerisque@hotmail.es,limpiador
Francis,Rodriguez,34 613 048 868,donec.luctus@gmail.com,limpiador
Leroy,Ortega,34 671 575 426,sed@gmail.com,cuidador
Stuart,Mora,34 614 846 822,ultrices.vivamus@hotmail.es,cuidador
Flynn,Castro,34 677 848 765,erat.in@gmail.es,cuidador
Hunter,Pardo,34 658 123 234,lacus.cras@gmail.es,cuidador
Quinn,Fuentes,34 627 636 649,vulputate.ullamcorper@gmail.com,mantenimiento
Willow,Leon,34 622 536 172,leo.cras@hotmail.es,mantenimiento
Oleg,Crespo,34 614 276 465,quam.quis@gmail.es,mantenimiento
Norman,Garcia,34 661 581 629,pharetra.quisque.ac@gmail.com,mantenimiento
Ralph,Martinez,34 677 568 677,vitae.orci.phasellus@hotmail.es,mantenimiento
Dennis,Sanchez,34 630 224 648,molestie.orci@hotmail.es,mantenimiento
Caleb,Lozano,34 635 364 258,et.rutrum@hotmail.com,mantenimiento
Galvin,Gomez,34 656 856 351,sit.amet@gmail.com,cuidador
Brent,Carmona,34 646 879 152,donec.est.nunc@gmail.es,cuidador
Madaline,Merino,34 611 142 866,ac.orci@gmail.com,cuidador
Leila,Soto,34 646 888 558,facilisi.sed.neque@gmail.com,cuidador
Jonas,Serrano,34 663 453 572,vel.convallis.in@gmail.com,administrador
Daryl,Marti,34 653 362 868,eget.volutpat@gmail.com,administrador
Kelly,Crespo,34 678 416 667,velit@gmail.com,administrador
Calvin,Ferrer,34 660 779 424,ut.tincidunt@gmail.es,administrador
Imogene,Ferrer,34 618 024 682,magnis@gmail.com,administrador
Olga,Pena,34 679 674 432,risus.varius.orci@gmail.com,veterinario
Morgan,Lozano,34 679 585 208,dis.parturient@gmail.com,veterinario
Luke,Rodriguez,34 654 460 182,imperdiet.ornare@hotmail.com,veterinario
